Category: All categories,
,
Month,flights to atlanta: (United States)
2010-01,15
2010-02,21
2010-03,19
2010-04,21
2010-05,21
2010-06,22
2010-07,19
2010-08,20
2010-09,17
2010-10,18
2010-11,14
2010-12,17
2011-01,24
2011-02,23
2011-03,25
2011-04,22
2011-05,22
2011-06,27
2011-07,25
2011-08,22
2011-09,22
2011-10,20
2011-11,21
2011-12,17
2012-01,24
2012-02,23
2012-03,26
2012-04,23
2012-05,25
2012-06,29
2012-07,28
2012-08,27
2012-09,25
2012-10,24
2012-11,21
2012-12,21
2013-01,29
2013-02,26
2013-03,29
2013-04,30
2013-05,30
2013-06,34
2013-07,35
2013-08,31
2013-09,29
2013-10,27
2013-11,24
2013-12,27
2014-01,37
2014-02,34
2014-03,35
2014-04,31
2014-05,37
2014-06,36
2014-07,39
2014-08,33
2014-09,32
2014-10,31
2014-11,27
2014-12,30
2015-01,35
2015-02,36
2015-03,43
2015-04,38
2015-05,43
2015-06,50
2015-07,47
2015-08,46
2015-09,45
2015-10,43
2015-11,43
2015-12,44
2016-01,55
2016-02,57
2016-03,60
2016-04,59
2016-05,64
2016-06,68
2016-07,68
2016-08,61
2016-09,59
2016-10,63
2016-11,59
2016-12,62
2017-01,71
2017-02,68
2017-03,73
2017-04,76
2017-05,75
2017-06,84
2017-07,77
2017-08,70
2017-09,75
2017-10,70
2017-11,69
2017-12,73
2018-01,79
2018-02,78
2018-03,84
2018-04,75
2018-05,77
2018-06,88
2018-07,92
2018-08,87
2018-09,82
2018-10,79
2018-11,76
2018-12,79
2019-01,88
2019-02,87
2019-03,89
2019-04,84
2019-05,86
2019-06,96
2019-07,97
2019-08,87
2019-09,81
2019-10,81
2019-11,79
2019-12,82
2020-01,94
2020-02,78
2020-03,76
2020-04,28
2020-05,41
2020-06,58
2020-07,49
2020-08,50
2020-09,55
2020-10,59
2020-11,50
2020-12,52
2021-01,57
2021-02,69
2021-03,81
2021-04,76
2021-05,85
2021-06,92
2021-07,92
2021-08,75
2021-09,76
2021-10,81
2021-11,83
2021-12,76
2022-01,75
2022-02,87
2022-03,100
